{"Version":"1.0.0.0","LastState":11,"Modules":[{"ModuleName":"Front Left","ModuleId":0,"Encoder":{"Id":10,"Name":"Front Left (Device ID 10)","Model":"CANCoder vers. H","CANbus":"C198882A394C4853202020500D2218FF","CANbusFriendly":"CANivore","SelectedMotorType":null,"IsStandaloneFx":false},"SteerMotor":{"Id":2,"Name":"Talon FX (Device ID 2)","Model":"Talon FX","CANbus":"C198882A394C4853202020500D2218FF","CANbusFriendly":"CANivore","SelectedMotorType":{"Name":"WCP Kraken x60","FreeSpeedRps":96.7,"SlipCurrentLimit":120,"StatorCurrentLimit":60},"IsStandaloneFx":false},"DriveMotor":{"Id":1,"Name":"Talon FX (Device ID 1)","Model":"Talon FX","CANbus":"C198882A394C4853202020500D2218FF","CANbusFriendly":"CANivore","SelectedMotorType":{"Name":"WCP Kraken x60","FreeSpeedRps":96.7,"SlipCurrentLimit":120,"StatorCurrentLimit":60},"IsStandaloneFx":false},"IsEncoderInverted":false,"IsSteerInverted":false,"SelectedEncoderType":"CANcoder","EncoderOffset":0.048583984375,"DriveMotorSelectionState":1,"SteerMotorSelectionState":1,"SteerEncoderSelectionState":1,"IsModuleValidationComplete":true,"ValidatedSteerId":2,"ValidatedDriveId":1,"ValidatedEncoderId":10},{"ModuleName":"Front Right","ModuleId":1,"Encoder":{"Id":11,"Name":"Front Right (Device ID 11)","Model":"CANCoder vers. H","CANbus":"C198882A394C4853202020500D2218FF","CANbusFriendly":"CANivore","SelectedMotorType":null,"IsStandaloneFx":false},"SteerMotor":{"Id":4,"Name":"Talon FX (Device ID 4)","Model":"Talon FX","CANbus":"C198882A394C4853202020500D2218FF","CANbusFriendly":"CANivore","SelectedMotorType":{"Name":"WCP Kraken x60","FreeSpeedRps":96.7,"SlipCurrentLimit":120,"StatorCurrentLimit":60},"IsStandaloneFx":false},"DriveMotor":{"Id":3,"Name":"Talon FX (Device ID 3)","Model":"Talon FX","CANbus":"C198882A394C4853202020500D2218FF","CANbusFriendly":"CANivore","SelectedMotorType":{"Name":"WCP Kraken x60","FreeSpeedRps":96.7,"SlipCurrentLimit":120,"StatorCurrentLimit":60},"IsStandaloneFx":false},"IsEncoderInverted":false,"IsSteerInverted":false,"SelectedEncoderType":"CANcoder","EncoderOffset":-0.321044921875,"DriveMotorSelectionState":1,"SteerMotorSelectionState":1,"SteerEncoderSelectionState":1,"IsModuleValidationComplete":true,"ValidatedSteerId":4,"ValidatedDriveId":3,"ValidatedEncoderId":11},{"ModuleName":"Back Left","ModuleId":2,"Encoder":{"Id":12,"Name":"Back Left (Device ID 12)","Model":"CANCoder vers. H","CANbus":"C198882A394C4853202020500D2218FF","CANbusFriendly":"CANivore","SelectedMotorType":null,"IsStandaloneFx":false},"SteerMotor":{"Id":6,"Name":"Talon FX (Device ID 6)","Model":"Talon FX","CANbus":"C198882A394C4853202020500D2218FF","CANbusFriendly":"CANivore","SelectedMotorType":{"Name":"WCP Kraken x60","FreeSpeedRps":96.7,"SlipCurrentLimit":120,"StatorCurrentLimit":60},"IsStandaloneFx":false},"DriveMotor":{"Id":5,"Name":"Talon FX (Device ID 5)","Model":"Talon FX","CANbus":"C198882A394C4853202020500D2218FF","CANbusFriendly":"CANivore","SelectedMotorType":{"Name":"WCP Kraken x60","FreeSpeedRps":96.7,"SlipCurrentLimit":120,"StatorCurrentLimit":60},"IsStandaloneFx":false},"IsEncoderInverted":false,"IsSteerInverted":false,"SelectedEncoderType":"CANcoder","EncoderOffset":-0.47265625,"DriveMotorSelectionState":1,"SteerMotorSelectionState":1,"SteerEncoderSelectionState":1,"IsModuleValidationComplete":true,"ValidatedSteerId":6,"ValidatedDriveId":5,"ValidatedEncoderId":12},{"ModuleName":"Back Right","ModuleId":3,"Encoder":{"Id":13,"Name":"Back Right (Device ID 13)","Model":"CANCoder vers. H","CANbus":"C198882A394C4853202020500D2218FF","CANbusFriendly":"CANivore","SelectedMotorType":null,"IsStandaloneFx":false},"SteerMotor":{"Id":8,"Name":"Talon FX (Device ID 8)","Model":"Talon FX","CANbus":"C198882A394C4853202020500D2218FF","CANbusFriendly":"CANivore","SelectedMotorType":{"Name":"WCP Kraken x60","FreeSpeedRps":96.7,"SlipCurrentLimit":120,"StatorCurrentLimit":60},"IsStandaloneFx":false},"DriveMotor":{"Id":7,"Name":"Talon FX (Device ID 7)","Model":"Talon FX","CANbus":"C198882A394C4853202020500D2218FF","CANbusFriendly":"CANivore","SelectedMotorType":{"Name":"WCP Kraken x60","FreeSpeedRps":96.7,"SlipCurrentLimit":120,"StatorCurrentLimit":60},"IsStandaloneFx":false},"IsEncoderInverted":false,"IsSteerInverted":false,"SelectedEncoderType":"CANcoder","EncoderOffset":0.476806640625,"DriveMotorSelectionState":1,"SteerMotorSelectionState":1,"SteerEncoderSelectionState":1,"IsModuleValidationComplete":true,"ValidatedSteerId":8,"ValidatedDriveId":7,"ValidatedEncoderId":13}],"SwerveOptions":{"kSpeedAt12Volts":4.613173788392966,"Gyro":{"Id":20,"Name":"Pigeon 2 (Device ID 20)","Model":"Pigeon 2","CANbus":"C198882A394C4853202020500D2218FF","CANbusFriendly":"CANivore","SelectedMotorType":null,"IsStandaloneFx":false},"IsValidGyroCANbus":true,"VerticalTrackSizeInches":26.0,"HorizontalTrackSizeInches":26.0,"WheelRadiusInches":1.95,"IsLeftSideInverted":false,"IsRightSideInverted":true,"SwerveModuleType":3,"SwerveModuleConfiguration":{"ModuleBrand":3,"DriveRatio":6.746031746031747,"SteerRatio":12.8,"CouplingRatio":3.5714285714285716,"CustomName":"L2"},"HasVerifiedSteer":true,"SelectedModuleManufacturer":"Swerve Drive Specialties (SDS)","HasVerifiedDrive":true,"IsValidConfiguration":true}}